date,total_pilgrims
2013-10-17,56136
2013-10-18,62341
2013-10-19,71231
2013-10-20,72279
2013-10-21,57964
2013-10-22,43767
2013-10-23,42186
2013-10-24,49504
2013-10-25,39816
2013-10-26,62184
2013-10-27,57762
2013-10-28,38251
2013-10-30,37671
2013-10-31,42474
2013-11-02,66838
2013-11-03,68003
2013-11-04,69072
2013-11-05,55789
2013-11-06,51815
2013-11-07,50762
2013-11-08,63396
2013-11-09,66768
2013-11-10,67580
2013-11-11,70016
2013-11-12,52872
2013-11-13,46719
2013-11-15,57969
2013-11-16,67080
2013-11-18,48658
2013-11-19,46204
2013-11-20,50140
2013-11-21,50104
2013-11-22,52055
2013-11-23,65501
2013-11-25,51051
2013-11-26,48084
2013-11-27,42862
2013-11-28,48067
2013-11-29,55055
2013-11-30,67041
2013-12-01,66020
2013-12-02,58695
2013-12-03,45019
2013-12-04,49085
2013-12-05,49741
2013-12-09,67341
2013-12-10,48242
2013-12-11,45151
2013-12-12,51648
2013-12-14,70205
2013-12-15,72528
2013-12-16,56132
2013-12-17,55870
2013-12-18,47636
2013-12-19,44606
2013-12-21,64836
2013-12-22,68289
2013-12-24,61412
2013-12-25,61959
2013-12-26,55556
2013-12-27,58402
2013-12-28,69693
2013-12-29,71064
2013-12-30,60758
2013-12-31,44524
2014-01-01,73051
2014-01-03,48003
2014-01-04,58279
2014-01-05,58708
2014-01-06,50075
2014-01-07,48434
2014-01-08,42666
2014-01-09,45420
2014-01-10,44745
2014-01-11,61467
2014-01-12,77268
2014-01-13,68991
2014-01-14,71283
2014-01-15,61134
2014-01-16,55315
2014-01-17,63283
2014-01-18,73462
2014-01-19,73261
2014-01-20,66392
2014-01-21,55266
2014-01-22,49165
2014-01-23,52007
2014-01-24,52403
2014-01-25,67429
2014-01-26,71336
2014-01-27,56097
2014-01-28,54778
2014-01-29,41668
2014-01-30,43096
2014-01-31,47096
2014-02-01,60165
2014-02-02,66176
2014-02-03,61143
2014-02-04,52518
2014-02-05,50226
2014-02-06,58812
2014-02-07,54031
2014-02-08,67586
2014-02-09,71451
2014-02-10,65735
2014-02-11,53449
2014-02-12,50177
2014-02-13,50011
2014-02-14,51693
2014-02-15,65163
2014-02-16,70173
2014-02-17,55093
2014-02-18,51991
2014-02-19,43768
2014-02-20,46483
2014-02-21,54197
2014-02-22,63807
2014-02-23,65161
2014-02-24,64771
2014-02-25,54276
2014-02-26,46293
2014-02-27,49407
2014-02-28,53022
2014-03-01,64399
2014-03-02,66159
2014-03-03,60130
2014-03-05,50390
2014-03-06,51110
2014-03-08,69447
2014-03-09,75591
2014-03-10,63089
2014-03-11,50170
2014-03-12,51899
2014-03-13,52402
2014-03-14,55723
2014-03-15,69134
2014-03-16,70050
2014-03-18,61905
2014-03-19,51106
2014-03-20,52058
2014-03-21,54739
2014-03-22,63089
2014-03-23,78277
2014-03-24,53973
2014-03-25,48258
2014-03-26,54672
2014-03-27,58449
2014-03-28,54104
2014-03-29,68837
2014-03-30,73050
2014-03-31,56095
2014-04-01,54992
2014-04-03,55192
2014-04-04,55832
2014-04-06,71731
2014-04-07,56336
2014-04-08,48532
2014-04-09,41450
2014-04-10,53884
2014-04-11,56293
2014-04-12,67278
2014-04-13,75672
2014-04-14,76013
2014-04-15,60181
2014-04-16,49664
2014-04-17,55384
2014-04-18,56012
2014-04-19,72952
2014-04-20,80032
2014-04-21,67211
2014-04-22,53898
2014-04-23,42774
2014-04-24,52670
2014-04-25,62039
2014-04-26,68181
2014-04-27,73545
2014-04-28,71036
2014-04-29,52653
2014-04-30,48281
2014-05-02,53502
2014-05-03,73185
2014-05-05,70273
2014-05-06,60317
2014-05-07,54066
2014-05-08,59041
2014-05-10,65280
2014-05-11,76709
2014-05-14,69645
2014-05-15,57573
2014-05-16,60827
2014-05-17,73456
2014-05-18,77495
2014-05-19,69504
2014-05-20,67551
2014-05-22,58361
2014-05-23,64133
2014-05-24,66359
2014-05-25,82264
2014-05-26,78085
2014-05-27,76382
2014-05-29,53956
2014-05-30,57056
2014-06-01,77741
2014-06-03,70919
2014-06-04,67085
2014-06-05,54510
2014-06-06,59041
2014-06-07,71197
2014-06-08,68190
2014-06-09,76023
2014-06-10,73749
2014-06-11,69674
2014-06-12,64177
2014-06-13,66490
2014-06-14,73188
2014-06-15,77922
2014-06-16,80937
2014-06-17,70152
2014-06-18,69725
2014-06-20,61474
2014-06-21,74697
2014-06-22,80020
2014-06-23,77029
2014-06-24,71334
2014-06-25,65836
2014-06-26,60197
2014-06-27,63209
2014-06-28,77023
2014-06-29,67601
2014-06-30,74459
2014-07-01,66520
2014-07-02,58128
2014-07-03,57048
2014-07-04,61263
2014-07-05,69661
2014-07-06,74227
2014-07-07,72445
2014-07-08,63165
2014-07-09,63972
2014-07-10,57081
2014-07-11,58588
2014-07-12,74119
2014-07-13,74722
2014-07-14,72861
2014-07-15,56682
2014-07-16,61026
2014-07-17,54075
2014-07-18,59603
2014-07-19,75707
2014-07-20,79473
2014-07-21,69054
2014-07-22,70163
2014-07-23,61715
2014-07-24,58620
2014-07-25,60411
2014-07-26,75275
2014-07-27,75934
2014-07-28,72852
2014-07-29,68079
2014-07-30,79002
2014-07-31,61832
2014-08-01,63058
2014-08-02,72866
2014-08-03,75535
2014-08-04,64069
2014-08-05,63476
2014-08-06,63737
2014-08-07,52025
2014-08-08,54052
2014-08-09,76205
2014-08-10,69386
2014-08-11,71359
2014-08-12,69315
2014-08-13,62568
2014-08-14,60841
2014-08-15,65045
2014-08-16,74625
2014-08-17,81644
2014-08-18,72455
2014-08-19,60610
2014-08-20,59360
2014-08-21,57280
2014-08-22,59351
2014-08-23,76167
2014-08-24,77717
2014-08-25,62078
2014-08-26,50646
2014-08-27,50787
2014-08-28,50117
2014-08-29,60044
2014-08-30,72723
2014-08-31,68454
2014-09-01,55365
2014-09-02,51790
2014-09-03,47015
2014-09-04,50012
2014-09-05,59506
2014-09-06,67844
2014-09-07,73801
2014-09-08,70222
2014-09-09,62192
2014-09-10,59032
2014-09-11,57747
2014-09-12,63246
2014-09-13,73299
2014-09-14,79075
2014-09-15,65828
2014-09-16,58133
2014-09-17,62613
2014-09-18,55793
2014-09-20,74295
2014-09-21,74508
2014-09-22,59342
2014-09-23,43458
2014-09-25,44346
2014-09-26,37122
2014-09-28,80033
2014-09-29,76033
2014-09-30,73324
2014-10-01,74923
2014-10-02,64316
2014-10-03,67171
2014-10-04,65206
2014-10-05,85046
2014-10-06,84026
2014-10-07,75405
2014-10-08,29481
2014-10-09,61138
2014-10-10,63529
2014-10-11,76207
2014-10-12,82013
2014-10-13,70827
2014-10-14,62777
2014-10-15,56472
2014-10-16,50323
2014-10-17,55071
2014-10-18,66108
2014-10-19,75757
2014-10-20,55072
2014-10-21,59525
2014-10-22,58179
2014-10-23,57408
2014-10-24,64043
2014-10-25,71381
2014-10-26,77199
2014-10-27,67377
2014-10-28,61681
2014-10-29,53867
2014-10-30,52009
2014-10-31,55713
2014-11-01,68250
2014-11-03,65622
2014-11-04,63157
2014-11-05,52004
2014-11-06,50373
2014-11-07,53247
2014-11-08,62674
2014-11-09,65824
2014-11-10,56796
2014-11-11,55752
2014-11-12,51273
2014-11-13,49394
2014-11-14,54790
2014-11-15,37324
2014-11-17,56786
2014-11-18,59134
2014-11-19,52336
2014-11-20,53162
2014-11-21,59390
2014-11-22,67030
2014-11-23,65190
2014-11-25,62797
2014-11-26,54715
2014-11-27,54421
2014-11-28,62030
2014-11-29,70504
2014-11-30,60229
2014-12-01,57857
2014-12-02,57857
2014-12-03,54688
2014-12-04,51889
2014-12-05,49668
2014-12-06,54732
2014-12-07,74988
2014-12-08,61386
2014-12-09,55310
2014-12-10,48235
2014-12-11,55681
2014-12-12,56761
2014-12-13,66185
2014-12-14,70107
2014-12-15,61151
2014-12-16,49566
2014-12-17,53467
2014-12-18,48531
2014-12-19,50794
2014-12-20,57598
2014-12-21,65033
2014-12-22,56597
2014-12-23,57711
2014-12-24,57874
2014-12-25,54397
2014-12-26,54397
2014-12-27,72640
2014-12-28,74767
2014-12-29,58597
2014-12-30,45468
2014-12-31,36000
2015-01-01,78003
2015-01-02,85077
2015-01-03,46077
2015-01-04,43425
2015-01-05,57462
2015-01-06,56700
2015-01-07,51183
2015-01-08,49084
2015-01-09,50537
2015-01-10,61177
2015-01-11,64283
2015-01-12,53577
2015-01-13,48284
2015-01-14,54908
2015-01-15,59252
2015-01-16,63140
2015-01-17,78651
2015-01-18,83869
2015-01-19,55037
2015-01-20,52004
2015-01-21,46818
2015-01-22,50121
2015-01-23,59516
2015-01-24,70079
2015-01-25,72329
2015-01-26,92021
2015-01-27,56777
2015-01-28,59284
2015-01-29,46901
2015-01-30,52457
2015-01-31,65469
2015-02-01,62805
2015-02-02,52977
2015-02-03,55583
2015-02-04,46741
2015-02-05,49977
2015-02-06,56659
2015-02-07,67075
2015-02-08,71777
2015-02-09,71777
2015-02-10,54933
2015-02-11,55777
2015-02-12,52173
2015-02-13,55862
2015-02-14,67972
2015-02-15,71847
2015-02-16,62237
2015-02-17,56377
2015-02-18,45971
2015-02-19,40847
2015-02-20,53377
2015-02-21,64031
2015-02-22,69854
2015-02-23,60676
2015-02-24,56007
2015-02-25,52902
2015-02-26,51859
2015-02-27,56153
2015-02-28,73754
2015-03-01,75007
2015-03-02,60015
2015-03-03,56893
2015-03-04,51937
2015-03-05,55464
2015-03-06,56373
2015-03-07,77087
2015-03-08,75175
2015-03-09,62058
2015-03-10,60041
2015-03-11,52121
2015-03-12,56942
2015-03-13,58777
2015-03-14,73408
2015-03-15,78594
2015-03-16,66717
2015-03-17,61079
2015-03-18,62169
2015-03-19,49777
2015-03-20,54913
2015-03-21,61853
2015-03-22,74377
2015-03-23,60407
2015-03-24,62484
2015-03-25,61077
2015-03-26,57128
2015-03-27,61152
2015-03-28,73745
2015-03-29,71739
2015-03-30,64343
2015-03-31,62277
2015-04-01,58963
2015-04-02,61524
2015-04-04,42042
2015-04-05,84089
2015-04-06,64007
2015-04-07,61824
2015-04-08,52439
2015-04-09,53777
2015-04-10,52391
2015-04-11,76814
2015-04-12,72467
2015-04-13,64086
2015-04-14,74097
2015-04-15,64447
2015-04-16,56888
2015-04-17,60252
2015-04-18,71377
2015-04-19,60348
2015-04-20,61063
2015-04-21,58277
2015-04-22,56581
2015-04-23,61807
2015-04-24,68777
2015-04-25,73374
2015-04-26,87381
2015-04-27,68707
2015-04-28,65220
2015-04-29,64610
2015-04-30,66397
2015-05-01,68363
2015-05-02,79972
2015-05-03,85027
2015-05-04,72975
2015-05-05,68140
2015-05-06,61412
2015-05-07,63264
2015-05-08,67785
2015-05-09,85077
2015-05-10,80063
2015-05-11,69454
2015-05-12,69517
2015-05-13,68326
2015-05-14,69817
2015-05-15,73887
2015-05-16,90010
2015-05-17,90662
2015-05-18,80067
2015-05-19,61350
2015-05-20,70471
2015-05-21,73689
2015-05-23,95113
2015-05-24,95667
2015-05-25,88187
2015-05-28,73236
2015-05-29,67756
2015-05-30,83877
2015-05-31,86659
2015-06-02,74239
2015-06-03,72719
2015-06-04,76267
2015-06-05,73777
2015-06-06,99260
2015-06-07,89367
2015-06-08,87777
2015-06-09,75463
2015-06-10,83568
2015-06-11,78907
2015-06-12,71505
2015-06-13,100719
2015-06-14,94477
2015-06-15,90550
2015-06-16,75937
2015-06-17,60477
2015-06-18,72302
2015-06-19,66402
2015-06-20,92507
2015-06-21,90087
2015-06-22,83935
2015-06-23,72787
2015-06-24,68302
2015-06-26,66287
2015-06-27,85201
2015-06-28,89117
2015-06-29,82309
2015-06-30,74822
2015-07-01,57609
2015-07-02,71467
2015-07-03,66375
2015-07-04,88260
2015-07-05,90977
2015-07-06,85425
2015-07-07,76225
2015-07-08,70357
2015-07-09,67913
2015-07-10,67001
2015-07-11,89697
2015-07-12,88604
2015-07-13,72427
2015-07-14,72107
2015-07-15,60651
2015-07-16,60242
2015-07-17,67137
2015-07-18,87918
2015-07-19,90940
2015-07-20,86827
2015-07-21,76809
2015-07-22,68440
2015-07-23,62557
2015-07-24,64345
2015-07-26,78887
2015-07-27,70393
2015-07-28,66276
2015-07-29,63077
2015-07-30,63060
2015-07-31,62770
2015-08-01,75907
2015-08-02,83009
2015-08-03,62290
2015-08-04,63577
2015-08-05,60502
2015-08-06,65041
2015-08-07,62267
2015-08-08,82240
2015-08-09,80188
2015-08-10,71407
2015-08-11,60608
2015-08-12,60344
2015-08-13,59267
2015-08-14,64886
2015-08-15,88573
2015-08-16,91797
2015-08-17,86855
2015-08-18,68869
2015-08-19,63967
2015-08-20,64358
2015-08-21,66818
2015-08-22,81807
2015-08-23,84327
2015-08-24,67932
2015-08-25,63894
2015-08-26,57866
2015-08-28,58122
2015-08-30,85103
2015-08-31,75235
2015-09-01,69483
2015-09-02,71006
2015-09-03,70567
2015-09-04,65067
2015-09-05,82610
2015-09-06,86807
2015-09-08,60256
2015-09-09,65187
2015-09-10,67545
2015-09-11,64432
2015-09-12,80097
2015-09-13,75083
2015-09-14,52194
2015-09-15,55433
2015-09-16,43194
2015-09-17,57994
2015-09-18,70519
2015-09-19,88679
2015-09-20,70718
2015-09-21,61063
2015-09-22,66409
2015-09-23,63680
2015-09-24,54393
2015-09-25,65138
2015-09-26,83527
2015-09-27,85007
2015-09-28,80021
2015-09-29,84756
2015-09-30,78240
2015-10-01,81229
2015-10-02,74403
2015-10-03,100458
2015-10-04,87101
2015-10-05,66817
2015-10-06,67917
2015-10-07,66905
2015-10-08,64382
2015-10-09,62281
2015-10-10,71660
2015-10-11,77467
2015-10-14,77467
2015-10-15,75374
2015-10-16,70835
2015-10-17,84024
2015-10-19,80595
2015-10-20,60034
2015-10-21,61519
2015-10-22,56356
2015-10-23,70491
2015-10-24,85013
2015-10-25,82989
2015-10-26,77431
2015-10-27,72187
2015-10-28,53227
2015-10-29,53503
2015-10-30,59007
2015-10-31,73791
2015-11-01,68205
2015-11-02,56507
2015-11-03,58039
2015-11-04,47889
2015-11-05,49127
2015-11-06,49538
2015-11-07,72240
2015-11-08,63666
2015-11-09,49389
2015-11-10,58253
2015-11-11,48879
2015-11-12,56481
2015-11-13,65673
2015-11-14,74027
2015-11-15,72772
2015-11-16,57740
2015-11-17,33047
2015-11-18,45213
2015-11-19,42551
2015-11-20,44476
2015-11-21,59414
2015-11-23,56407
2015-11-24,51750
2015-11-25,44182
2015-11-26,46700
2015-11-27,53798
2015-11-28,66922
2015-11-29,62537
2015-11-30,54410
2015-12-01,45160
2015-12-02,47548
2015-12-03,41706
2015-12-04,43227
2015-12-05,59697
2015-12-06,62116
2015-12-07,57742
2015-12-08,52807
2015-12-09,53125
2015-12-10,51639
2015-12-11,56110
2015-12-12,70074
2015-12-13,79075
2015-12-14,60277
2015-12-15,56436
2015-12-16,54370
2015-12-17,69087
2015-12-18,53641
2015-12-19,71849
2015-12-20,62938
2015-12-21,83103
2015-12-22,80840
2015-12-23,61990
2015-12-24,67358
2015-12-25,62431
2015-12-26,87207
2015-12-27,85572
2015-12-28,77477
2015-12-29,70047
2015-12-30,60769
2015-12-31,63565
2016-01-03,70837
2016-01-04,62377
2016-01-05,63573
2016-01-06,53985
2016-01-07,53577
2016-01-08,54045
2016-01-09,77350
2016-01-10,69677
2016-01-11,58889
2016-01-12,59203
2016-01-13,50007
2016-01-15,65028
2016-01-16,89127
2016-01-17,90041
2016-01-18,69655
2016-01-19,67367
2016-01-20,62506
2016-01-21,56834
2016-01-22,58217
2016-01-23,75048
2016-01-24,79781
2016-01-25,76277
2016-01-26,75609
2016-01-27,55692
2016-01-28,53512
2016-01-29,56260
2016-01-30,75554
2016-01-31,69070
2016-02-01,54794
2016-02-02,56989
2016-02-03,51257
2016-02-04,54026
2016-02-05,54450
2016-02-06,77490
2016-02-07,73056
2016-02-08,54574
2016-02-09,53437
2016-02-10,60399
2016-02-11,59602
2016-02-12,62857
2016-02-13,76015
2016-02-14,100659
2016-02-15,70947
2016-02-16,64410
2016-02-17,62310
2016-02-18,58657
2016-02-19,62676
2016-02-20,81157
2016-02-21,81477
2016-02-22,68310
2016-02-23,58651
2016-02-24,54817
2016-02-25,57654
2016-02-26,59854
2016-02-27,81287
2016-02-28,82078
2016-02-29,65211
2016-03-01,60814
2016-03-02,56392
2016-03-03,53966
2016-03-04,59097
2016-03-05,76753
2016-03-06,80922
2016-03-07,65599
2016-03-08,41695
2016-03-09,38442
2016-03-10,51175
2016-03-11,61083
2016-03-12,75339
2016-03-13,84507
2016-03-14,70010
2016-03-15,59189
2016-03-16,56197
2016-03-17,59086
2016-03-18,60431
2016-03-19,56197
2016-03-20,80715
2016-03-21,66656
2016-03-22,68607
2016-03-23,63187
2016-03-24,69046
2016-03-25,62577
2016-03-26,82041
2016-03-28,68054
2016-03-29,65815
2016-04-01,57133
2016-04-02,76931
2016-04-03,78143
2016-04-04,69044
2016-04-05,60796
2016-04-06,57657
2016-04-07,52894
2016-04-08,58545
2016-04-09,73137
2016-04-10,82436
2016-04-11,66692
2016-04-12,62287
2016-04-13,64386
2016-04-14,70520
2016-04-15,71357
2016-04-16,77619
2016-04-17,79646
2016-04-18,62407
2016-04-19,65600
2016-04-20,56069
2016-04-21,60804
2016-04-22,66493
2016-04-23,77428
2016-04-24,79424
2016-04-25,70269
2016-04-26,68363
2016-04-27,62997
2016-04-28,66658
2016-04-29,68418
2016-04-30,82347
2016-05-01,84128
2016-05-02,84128
2016-05-03,72087
2016-05-04,72067
2016-05-05,72279
2016-05-06,70969
2016-05-07,81097
2016-05-08,81417
2016-05-09,76757
2016-05-10,75277
2016-05-11,71185
2016-05-12,71995
2016-05-13,74350
2016-05-14,74350
2016-05-15,89027
2016-05-16,83001
2016-05-17,78090
2016-05-18,78090
2016-05-19,73285
2016-05-21,88077
2016-05-22,87023
2016-05-23,85365
2016-05-24,82939
2016-05-25,81720
2016-05-26,83116
2016-05-27,83567
2016-05-28,64405
2016-05-29,103384
2016-05-30,89307
2016-05-31,84746
2016-06-01,77237
2016-06-02,78077
2016-06-03,80448
2016-06-04,101015
2016-06-05,100080
2016-06-06,82347
2016-06-07,74634
2016-06-08,77906
2016-06-09,75771
2016-06-10,82625
2016-06-11,96799
2016-06-12,100625
2016-06-13,91197
2016-06-14,79388
2016-06-15,79388
2016-06-16,74356
2016-06-17,80547
2016-06-18,94392
2016-06-19,94382
2016-06-20,85200
2016-06-21,77047
2016-06-22,78680
2016-06-23,70116
2016-06-24,73128
2016-06-25,91846
2016-06-26,86622
2016-06-27,85079
2016-06-28,75850
2016-06-29,75850
2016-06-30,75850
2016-07-01,67656
2016-07-02,82530
2016-07-03,84049
2016-07-04,72061
2016-07-05,64573
2016-07-06,66155
2016-07-07,74555
2016-07-08,87641
2016-07-09,87641
2016-07-10,95714
2016-07-11,73952
2016-07-12,71495
2016-07-13,68345
2016-07-14,69197
2016-07-15,67087
2016-07-16,81555
2016-07-17,92627
2016-07-18,89020
2016-07-19,76072
2016-07-20,73357
2016-07-21,73872
2016-07-22,72603
2016-07-23,85717
2016-07-24,88457
2016-07-25,74953
2016-07-26,71333
2016-07-27,68458
2016-07-28,66135
2016-07-29,66377
2016-07-30,82518
2016-07-31,84364
2016-08-01,67247
2016-08-02,66425
2016-08-03,57804
2016-08-04,68407
2016-08-05,70724
2016-08-06,85807
2016-08-07,83377
2016-08-08,72065
2016-08-09,68734
2016-08-10,68345
2016-08-11,66213
2016-08-12,70125
2016-08-13,82037
2016-08-14,104023
2016-08-15,97034
2016-08-16,80127
2016-08-17,70504
2016-08-18,67787
2016-08-19,67787
2016-08-20,80518
2016-08-21,89669
2016-08-22,83094
2016-08-23,76021
2016-08-24,72661
2016-08-25,67261
2016-08-26,75738
2016-08-27,84283
2016-08-28,87037
2016-08-29,80781
2016-08-30,66506
2016-08-31,56826
2016-09-01,56005
2016-09-02,56197
2016-09-03,76137
2016-09-04,85392
2016-09-09,67938
2016-09-10,85435
2016-09-11,91200
2016-09-12,86567
2016-09-13,78546
2016-09-14,68574
2016-09-15,69697
2016-09-16,67605
2016-09-17,89260
2016-09-18,93657
2016-09-19,73171
2016-09-20,66453
2016-09-21,58757
2016-09-22,64464
2016-09-23,67778
2016-09-24,84787
2016-09-25,90007
2016-09-26,77856
2016-09-27,80657
2016-09-28,77369
2016-09-29,83996
2016-09-30,75487
2016-10-01,83546
2016-10-02,77120
2016-10-03,52467
2016-10-05,86406
2016-10-06,86523
2016-10-07,82721
2016-10-08,93119
2016-10-09,95067
2016-10-10,110662
2016-10-11,101859
2016-10-12,85307
2016-10-13,75700
2016-10-14,76914
2016-10-15,91057
2016-10-16,101018
2016-10-17,93800
2016-10-18,78692
2016-10-19,58047
2016-10-20,66177
2016-10-21,65457
2016-10-22,77325
2016-10-23,86114
2016-10-24,65487
2016-10-25,62419
2016-10-26,56395
2016-10-27,54697
2016-10-28,61063
2016-10-29,77713
2016-10-30,80527
2016-10-31,85191
2016-11-01,81981
2016-11-02,69317
2016-11-03,72408
2016-11-04,64915
2016-11-05,81657
2016-11-06,78140
2016-11-07,63967
2016-11-08,68953
2016-11-09,64068
2016-11-10,56244
2016-11-11,67862
2016-11-12,80248
2016-11-13,80985
2016-11-14,68007
2016-11-15,57025
2016-11-16,56462
2016-11-17,60747
2016-11-18,62112
2016-11-19,70371
2016-11-20,84047
2016-11-21,67241
2016-11-22,60605
2016-11-23,57157
2016-11-24,66687
2016-11-25,61637
2016-11-26,81047
2016-11-27,90025
2016-11-28,72117
2016-11-29,60807
2016-11-30,55750
2016-12-01,60150
2016-12-02,62377
2016-12-03,78559
2016-12-04,73811
2016-12-05,75577
2016-12-06,60062
2016-12-07,54953
2016-12-08,57185
2016-12-09,63590
2016-12-10,81609
2016-12-11,90067
2016-12-12,71029
2016-12-13,57019
2016-12-14,53934
2016-12-15,49658
2016-12-16,66952
2016-12-17,50630
2016-12-18,78752
2016-12-19,65587
2016-12-20,62949
2016-12-21,61463
2016-12-22,60421
2016-12-23,65842
2016-12-24,77884
2016-12-25,82335
2016-12-26,82577
2016-12-27,80043
2016-12-28,63748
2016-12-29,77360
2016-12-30,64455
2016-12-31,80340
2017-01-01,102862
2017-01-02,56770
2017-01-03,43278
2017-01-04,62387
2017-01-05,61517
2017-01-06,62031
2017-01-07,78469
2017-01-08,92624
2017-01-09,84477
2017-01-10,63737
2017-01-11,61552
2017-01-12,57678
2017-01-13,64117
2017-01-14,84040
2017-01-15,82242
2017-01-16,87077
2017-01-17,74628
2017-01-18,70184
2017-01-19,67357
2017-01-20,63238
2017-01-21,77464
2017-01-22,79137
2017-01-23,73092
2017-01-24,65019
2017-01-25,62717
2017-01-26,75565
2017-01-27,63332
2017-01-28,82437
2017-01-29,77283
2017-01-30,64585
2017-01-31,60227
2017-02-01,58254
2017-02-02,56079
2017-02-03,81599
2017-02-04,78751
2017-02-05,77686
2017-02-06,68970
2017-02-07,65674
2017-02-08,58821
2017-02-09,63487
2017-02-10,66496
2017-02-12,88299
2017-02-13,71411
2017-02-14,62166
2017-02-15,60449
2017-02-16,62181
2017-02-17,62882
2017-02-18,83037
2017-02-19,87516
2017-02-20,64046
2017-02-21,67007
2017-02-22,63013
2017-02-23,58413
2017-02-24,66206
2017-02-25,88226
2017-02-26,75931
2017-02-27,61977
2017-02-28,62458
2017-03-01,63240
2017-03-02,59427
2017-03-03,60031
2017-03-04,77164
2017-03-05,82347
2017-03-06,60507
2017-03-07,59649
2017-03-08,60567
2017-03-09,63644
2017-03-10,63644
2017-03-11,84475
2017-03-12,88144
2017-03-13,77995
2017-03-14,60667
2017-03-15,61043
2017-03-16,62133
2017-03-17,62133
2017-03-18,85326
2017-03-19,86338
2017-03-20,72400
2017-03-21,67631
2017-03-22,65086
2017-03-23,65240
2017-03-24,63780
2017-03-25,78429
2017-03-26,83964
2017-03-27,68128
2017-03-28,58927
2017-03-29,59677
2017-03-30,68578
2017-03-31,65880
2017-04-01,81553
2017-04-02,87831
2017-04-03,79322
2017-04-04,72841
2017-04-05,59471
2017-04-06,61199
2017-04-07,68032
2017-04-08,93152
2017-04-09,89443
2017-04-10,71847
2017-04-11,68610
2017-04-12,62620
2017-04-13,69917
2017-04-14,80306
2017-04-15,93616
2017-04-16,96027
2017-04-17,78419
2017-04-18,71777
2017-04-19,62745
2017-04-20,66253
2017-04-21,69328
2017-04-22,93057
2017-04-23,93167
2017-04-24,77311
2017-04-25,72285
2017-04-26,70030
2017-04-27,64576
2017-04-28,72337
2017-04-29,90115
2017-04-30,100277
2017-05-01,88367
2017-05-02,82269
2017-05-03,75283
2017-05-04,71691
2017-05-05,75772
2017-05-06,85712
2017-05-07,89237
2017-05-08,78439
2017-05-11,77260
2017-05-12,79269
2017-05-13,96027
2017-05-14,97336
2017-05-15,84636
2017-05-16,83677
2017-05-17,73470
2017-05-18,75543
2017-05-19,80363
2017-05-20,101764
2017-05-21,88766
2017-05-22,95647
2017-05-23,89634
2017-05-24,84071
2017-05-25,92137
2017-05-26,84054
2017-05-27,101107
2017-05-29,96113
2017-05-30,93417
2017-05-31,85137
2017-06-01,84020
2017-06-02,81082
2017-06-03,98945
2017-06-04,100107
2017-06-05,87834
2017-06-06,85491
2017-06-07,78252
2017-06-08,73797
2017-06-09,81347
2017-06-10,96173
2017-06-11,107853
2017-06-12,90347
2017-06-13,86813
2017-06-14,75325
2017-06-15,77223
2017-06-16,72431
2017-06-17,101386
2017-06-18,99487
2017-06-19,81902
2017-06-20,81915
2017-06-21,81902
2017-06-22,82128
2017-06-23,72643
2017-06-24,81012
2017-06-25,96055
2017-06-26,88980
2017-06-27,99116
2017-06-28,79649
2017-06-29,77891
2017-06-30,73877
2017-07-01,89794
2017-07-02,91192
2017-07-03,79032
2017-07-04,76612
2017-07-05,70151
2017-07-06,77067
2017-07-07,66913
2017-07-08,91826
2017-07-09,86177
2017-07-10,73385
2017-07-11,69433
2017-07-12,73418
2017-07-13,96319
2017-07-14,67131
2017-07-15,84679
2017-07-16,83770
2017-07-17,84829
2017-07-18,78194
2017-07-19,72308
2017-07-20,75016
2017-07-21,71573
2017-07-22,84738
2017-07-23,83377
2017-07-24,76225
2017-07-25,70418
2017-07-26,68135
2017-07-27,68135
2017-07-28,70327
2017-07-29,83452
2017-07-30,90682
2017-07-31,79494
2017-08-01,48809
2017-08-02,67749
2017-08-03,71686
2017-08-04,67412
2017-08-05,70891
2017-08-06,82536
2017-08-07,39144
2017-08-08,79382
2017-08-09,69987
2017-08-10,46345
2017-08-11,75845
2017-08-12,93290
2017-08-13,95789
2017-08-14,95789
2017-08-15,88699
2017-08-16,72700
2017-08-17,72438
2017-08-18,72072
2017-08-19,80248
2017-08-20,87758
2017-08-21,73186
2017-08-22,68435
2017-08-23,67619
2017-08-24,58594
2017-08-25,66389
2017-08-26,76161
2017-08-27,81450
2017-08-28,68970
2017-08-29,66450
2017-08-30,59009
2017-08-31,62042
2017-09-01,44837
2017-09-02,73650
2017-09-03,83850
2017-09-04,74431
2017-09-05,69723
2017-09-06,64960
2017-09-07,62977
2017-09-08,66168
2017-09-09,78281
2017-09-10,84147
2017-09-11,66450
2017-09-12,68664
2017-09-13,59109
2017-09-14,58480
2017-09-15,58794
2017-09-16,74525
2017-09-17,84265
2017-09-18,66542
2017-09-19,59383
2017-09-20,61315
2017-09-21,58163
2017-09-22,63033
2017-09-23,42879
2017-09-24,84151
2017-09-25,85004
2017-09-26,82182
2017-10-03,84373
2017-10-04,74842
2017-10-05,72182
2017-10-06,73854
2017-10-07,87871
2017-10-08,81288
2017-10-09,73438
2017-10-10,74868
2017-10-11,70118
2017-10-12,78108
2017-10-13,75546
2017-10-14,87969
2017-10-15,83706
2017-10-16,73880
2017-10-17,63880
2017-10-18,70461
2017-10-19,66569
2017-10-20,76576
2017-10-21,91147
2017-10-22,100872
2017-10-23,82985
2017-10-24,72402
2017-10-25,63264
2017-10-26,62315
2017-10-27,66211
2017-10-28,77213
2017-10-29,84145
2017-10-30,65385
2017-11-01,59780
2017-11-02,59197
2017-11-03,59650
2017-11-04,70656
2017-11-05,77931
2017-11-06,63164
2017-11-07,65236
2017-11-08,56609
2017-11-09,58320
2017-11-10,60784
2017-11-11,75800
2017-11-12,83683
2017-11-13,71322
2017-11-14,65637
2017-11-15,59679
2017-11-16,61167
2017-11-19,78496
2017-11-20,72718
2017-11-21,73237
2017-11-22,69777
2017-11-23,68723
2017-11-24,71791
2017-11-25,77470
2017-11-26,87762
2017-11-28,66430
2017-11-29,63117
2017-11-30,62419
2017-12-01,67122
2017-12-02,77856
2017-12-03,67760
2017-12-04,67265
2017-12-05,66187
2017-12-06,61517
2017-12-07,63554
2017-12-08,66201
2017-12-09,78841
2017-12-10,87891
2017-12-11,74002
2017-12-12,70898
2017-12-13,64011
2017-12-14,67284
2017-12-15,68539
2017-12-16,66541
2017-12-17,78383
2017-12-18,77292
2017-12-19,67169
2017-12-20,62351
2017-12-21,65824
2017-12-22,67628
2017-12-23,76577
2017-12-24,89993
2017-12-25,88507
2017-12-26,75149
2017-12-27,83838
2018-01-01,93346
2018-01-02,62407
2018-01-03,56914
2018-01-04,57936
2018-01-05,59521
2018-01-06,67135
2018-01-07,68690
2018-01-08,68125
2018-01-09,61679
2018-01-10,63870
2018-01-11,54127
2018-01-12,55963
2018-01-13,67744
2018-01-14,87336
2018-01-15,87144
2018-01-16,68763
2018-01-17,70008
2018-01-18,62707
2018-01-19,71035
2018-01-20,74002
2018-01-21,83687
2018-01-22,79951
2018-01-24,59758
2018-01-25,65626
2018-01-26,70134
2018-01-27,82660
2018-01-28,82801
2018-01-29,64457
2018-01-30,62424
2018-01-31,66671
2018-02-01,54297
2018-02-02,57246
2018-02-03,66988
2018-02-04,68282
2018-02-05,65813
2018-02-06,66743
2018-02-07,61930
2018-02-08,61546
2018-02-09,60308
2018-02-10,75925
2018-02-11,72990
2018-02-12,67670
2018-02-13,66993
2018-02-15,52657
2018-02-16,56319
2018-02-17,72187
2018-02-18,76326
2018-02-19,73650
2018-02-20,66814
2018-02-21,62858
2018-02-22,60113
2018-02-23,61503
2018-02-24,72628
2018-02-25,74761
2018-02-26,69071
2018-02-27,64801
2018-02-28,60716
2018-03-01,62854
2018-03-02,62936
2018-03-03,77703
2018-03-04,73594
2018-03-05,64467
2018-03-06,67205
2018-03-07,59290
2018-03-08,61013
2018-03-09,60137
2018-03-10,73793
2018-03-11,76657
2018-03-12,66104
2018-03-13,64852
2018-03-14,66232
2018-03-15,69385
2018-03-16,64844
2018-03-17,69408
2018-03-18,67159
2018-03-19,75069
2018-03-20,67334
2018-03-21,65350
2018-03-22,65746
2018-03-23,63142
2018-03-24,80057
2018-03-26,65549
2018-03-27,71216
2018-03-28,60735
2018-03-29,57306
2018-03-30,81665
2018-03-31,84121
2018-04-01,81936
2018-04-02,70908
2018-04-03,68232
2018-04-04,59595
2018-04-05,61971
2018-04-06,66510
2018-04-07,75048
2018-04-08,80378
2018-04-09,67248
2018-04-10,66436
2018-04-11,63108
2018-04-12,62092
2018-04-13,62387
2018-04-14,88088
2018-04-15,94399
2018-04-16,80574
2018-04-17,66124
2018-04-18,58905
2018-04-19,60339
2018-04-20,61813
2018-04-21,75647
2018-04-22,78575
2018-04-23,74422
2018-04-24,72070
2018-04-25,62658
2018-04-26,61371
2018-04-27,69942
2018-04-28,74395
2018-04-29,90682
2018-04-30,77372
2018-05-01,77584
2018-05-02,68772
2018-05-03,65884
2018-05-04,72569
2018-05-05,88487
2018-05-06,76346
2018-05-07,74833
2018-05-08,74472
2018-05-09,70676
2018-05-10,73769
2018-05-11,70432
2018-05-12,88102
2018-07-06,68182
2018-07-07,92645
2018-07-08,91822
2018-07-09,74244
2018-07-10,69708
2018-07-11,69768
2018-07-12,72747
2018-07-13,69458
2018-07-14,89153
2018-07-15,90681
2018-07-16,80969
2018-07-17,76693
2018-07-18,71916
2018-07-19,70913
2018-07-21,85287
2018-07-22,87441
2018-07-23,77439
2018-07-25,76984
2018-07-31,73711
2018-08-03,65913
2018-08-05,78972
2018-08-06,76086
2018-08-09,51293
2018-08-10,49978
2018-08-11,33106
2018-08-12,22022
2018-08-13,24466
2018-08-17,66927
2018-08-21,77140
2018-08-23,62602
2018-08-24,65873
2018-08-25,74395
2018-08-27,75819
2018-08-28,68026
2018-08-29,74442
2018-08-30,72723
2018-08-31,71462
2018-09-04,76135
2018-09-05,71291
2018-09-12,56965
2018-09-14,73607
2018-09-17,84771
2018-09-18,80185
2018-09-19,69373
2018-09-20,71563
2018-09-23,90714
2018-09-24,81677
2018-09-25,77171
2018-09-26,74104
2018-09-27,81734
2018-09-28,80303
2018-09-29,102219
2018-10-01,83542
2018-10-02,88593
2018-10-03,78327
2018-10-05,80340
2018-10-06,87160
2018-10-07,79444
2018-10-08,70884
2018-10-09,67307
2018-10-10,67455
2018-10-11,77500
2018-10-12,78975
2018-10-14,103140
2018-10-15,87069
2018-10-16,64928
2018-10-17,67082
2018-10-19,75571
2018-10-21,97006
2018-10-22,80245
2018-10-23,75849
2018-10-24,63523
2018-12-02,81080
2018-12-03,75626
2018-12-04,68999
2018-12-06,62355
2018-12-07,65730
2018-12-08,78085
2018-12-09,82179
2018-12-10,70583
2018-12-11,68698
2018-12-12,72957
2018-12-14,71071
2018-12-15,77405
2018-12-16,72671
2018-12-18,81188
2018-12-19,92268
2018-12-20,61211
2018-12-21,62331
2018-12-22,70144
2018-12-23,78357
2018-12-24,81274
2018-12-25,76980
2018-12-26,76505
2018-12-28,71951
2018-12-29,83629
2018-12-30,90369
2018-12-31,69284
2019-01-01,95736
2019-01-02,56691
2019-01-03,59473
2019-01-04,60680
2019-01-05,71072
2019-01-07,64147
2019-01-08,66022
2019-01-09,67010
2019-01-10,58288
2019-01-11,61195
2019-01-13,77064
2019-01-14,80082
2019-01-15,78684
2019-01-16,72262
2019-01-17,71124
2019-01-18,75234
2019-01-19,79106
2019-01-20,77671
2019-01-21,78181
2019-01-22,71191
2019-01-23,61305
2019-01-24,59747
2019-01-25,63869
2019-01-26,86074
2019-01-27,91769
2019-01-28,73103
2019-01-29,62701
2019-01-30,56216
2019-01-31,58096
2019-02-03,68914
2019-02-05,58203
2019-02-06,63394
2019-02-07,60365
2019-02-08,68311
2019-02-09,73008
2019-02-10,80017
2019-02-12,84148
2019-02-13,64007
2019-02-14,61512
2019-02-15,65987
2019-02-16,73291
2019-02-17,83349
2019-02-18,75418
2019-02-19,66712
2019-02-20,67744
2019-02-21,63379
2019-02-22,62909
2019-02-23,80160
2019-02-24,83771
2019-02-25,73237
2019-02-26,68259
2019-02-27,62298
2019-03-01,69277
2019-03-02,74280
2019-03-04,77270
2019-03-05,55837
2019-03-06,55009
2019-03-07,57091
2019-03-08,64541
2019-03-09,78188
2019-03-10,84982
2019-03-11,71210
2019-03-12,63269
2019-03-13,66078
2019-03-14,66989
2019-03-15,66566
2019-03-16,73707
2019-03-17,85911
2019-03-18,81296
2019-03-20,69054
2019-03-21,64631
2019-04-08,62763
2019-04-14,87623
2019-06-05,70586
2019-06-06,76419
2019-06-07,79703
2019-06-08,98044
2019-06-09,76677
2019-06-10,88173
2019-06-11,86129
2019-06-12,77526
2019-06-14,82518
2019-06-15,90401
2019-06-17,86217
2019-06-18,83840
2019-06-20,72326
2019-06-23,92559
2019-06-24,82528
2019-06-26,81486
2019-06-27,70021
2019-06-28,71090
2019-06-29,96239
2019-06-30,94155
2019-07-01,83183
2019-07-02,75275
2019-07-03,61662
2019-07-04,64363
2019-07-05,72488
2019-07-06,90620
2019-07-07,93647
2019-07-08,85649
2019-07-09,77555
2019-07-11,71035
2019-07-12,70669
2019-07-13,90025
2019-07-14,89376
2019-07-15,74912
2019-07-16,37146
2019-07-17,67348
2019-07-18,72232
2019-07-19,78325
2019-07-21,91698
2019-07-22,83864
2019-07-23,81022
2019-07-24,74105
2019-07-26,74262
2019-07-27,92026
2019-07-28,91634
2019-07-29,86372
2019-07-30,78212
2019-07-31,65715
2019-08-01,66612
2019-08-02,68507
2019-08-03,81234
2019-08-04,91310
2019-08-05,78624
2019-08-06,74565
2019-08-07,70968
2019-08-08,74770
2019-08-09,68681
2019-08-10,90623
2019-08-11,100372
2019-08-12,92291
2019-08-13,84025
2019-08-14,78667
2019-08-15,82609
2019-08-16,80957
2019-08-18,95722
2019-08-19,82575
2019-08-20,81315
2019-08-21,73256
2019-08-22,74438
2019-08-23,78020
2019-08-24,91583
2019-08-25,85004
2019-08-26,73574
2019-08-27,73619
2019-08-28,67560
2019-08-29,66922
2019-08-30,58725
2019-08-31,66874
2019-09-01,77311
2019-09-02,80406
2019-09-03,63580
2019-09-04,64258
2019-09-05,66622
2019-09-06,65089
2019-09-07,79820
2019-09-08,77587
2019-09-09,73714
2019-09-10,71232
2019-09-11,67502
2019-09-12,69727
2019-09-13,77032
2019-09-15,91524
2019-09-16,74017
2019-09-17,75670
2019-09-18,70897
2019-09-20,76344
2019-09-21,86689
2019-09-22,88789
2019-09-23,57767
2019-09-24,78125
2019-09-25,79519
2019-09-27,75279
2019-09-28,88320
2019-09-29,86477
2019-09-30,65028
2019-10-02,91876
2019-10-05,92511
2019-10-06,85130
2019-10-07,105298
2019-10-08,94147
2019-10-09,83147
2019-10-10,84490
2019-10-12,101371
2019-10-13,103310
2019-10-14,92736
2019-10-15,86715
2019-10-16,78311
2019-10-17,70661
2019-10-18,71085
2019-10-19,93180
2019-10-20,83343
2019-10-21,66025
2019-10-22,61958
2019-10-23,60449
2019-10-24,60698
2019-10-25,56955
2019-10-26,77238
2019-10-27,75287
2019-10-28,81618
2019-10-29,78885
2019-10-30,72554
2019-10-31,74533
2019-11-01,67243
2019-11-02,85662
2019-11-03,83657
2019-11-04,66149
2019-11-05,64451
2019-11-06,65024
2019-11-07,65693
2019-11-08,64670
2019-11-09,84351
2019-11-11,70319
2019-11-12,69350
2019-11-14,60618
2019-11-15,68159
2019-11-18,71691
2019-11-19,70587
2019-11-20,59985
2019-11-21,65249
2019-11-22,69696
2019-11-23,82483
2019-11-24,91551
2019-11-25,73350
2019-11-26,67835
2019-11-27,64394
2019-11-29,72226
2019-11-30,76395
2019-12-01,85511
2019-12-02,80474
2019-12-03,65903
2019-12-04,60737
2019-12-05,60634
2019-12-06,65400
2019-12-07,84042
2019-12-08,83973
2019-12-09,73331
2019-12-10,60901
2019-12-11,57607
2019-12-12,66714
2019-12-13,71152
2019-12-15,90685
2019-12-16,66597
2019-12-17,70071
2019-12-18,68425
2019-12-19,66537
2019-12-20,66996
2019-12-21,76368
2019-12-22,85869
2019-12-23,78349
2019-12-26,43542
2019-12-27,64752
2019-12-28,80805
2019-12-29,88262
2019-12-30,72128
2019-12-31,78460
2020-01-01,86422
2020-01-02,60328
2020-01-03,62355
2020-01-04,79632
2020-01-06,84160
2020-01-07,90578
2020-01-08,70534
2020-01-09,65677
2020-01-10,64160
2020-01-11,79435
2020-01-12,75927
2020-01-13,64976
2020-01-14,73988
2020-01-15,81394
2020-01-16,83077
2020-01-17,74548
2020-01-18,92429
2020-01-19,95327
2020-01-20,77988
2020-01-21,70712
2020-01-22,64244
2020-01-23,66417
2020-01-24,61430
2020-01-25,76964
2020-01-26,78180
2020-01-27,72512
2020-01-28,67916
2020-01-29,62029
2020-01-30,67103
2020-01-31,62482
2020-02-01,96326
2020-02-03,59015
2020-02-04,67288
2020-02-05,65338
2020-02-06,69510
2020-02-07,62677
2020-02-08,85824
2020-02-09,88072
2020-02-10,76468
2020-02-11,63933
2020-02-12,61870
2020-02-13,68410
2020-02-14,65226
2020-02-15,81963
2020-02-16,89359
2020-02-17,76017
2020-02-18,70599
2020-02-19,68065
2020-02-20,66276
2020-02-21,68076
2020-02-22,88753
2020-02-23,88024
2020-02-24,60154
2020-02-25,65549
2020-02-26,66810
2020-02-27,66474
2020-02-28,67638
2020-02-29,79055
2020-03-01,83521
2020-03-02,69096
2020-03-03,67068
2020-03-04,62731
2020-03-05,60485
2020-03-06,69341
2020-03-07,78043
2020-03-08,79464
2020-03-09,67228
2020-03-10,61045
2020-03-11,57352
2020-03-12,61652
2020-03-13,56107
2020-03-14,78872
2020-03-15,63747
2020-03-16,55827
2020-03-17,49229
2020-03-18,48041
2020-03-19,42084
2020-03-20,5994
2020-06-11,6998
2020-06-12,6015
2020-06-22,9258
2020-06-23,9301
2020-06-24,9059
2020-06-25,11493
2020-06-26,10301
2020-06-27,11895
2020-06-28,11239
2020-06-29,11093
2020-06-30,10835
2020-07-01,12273
2020-07-02,11013
2020-07-03,9841
2020-07-04,11978
2020-07-05,10415
2020-07-07,10983
2020-07-08,10109
2020-07-09,9582
2020-07-10,8115
2020-07-11,10047
2020-07-12,9771
2020-07-13,9003
2020-07-14,5016
2020-07-15,8068
2020-07-16,6917
2020-07-17,6861
2020-07-18,7926
2020-07-19,6896
2020-07-20,5767
2020-07-21,5767
2020-07-22,5360
2020-07-23,4834
2020-07-24,4255
2020-07-25,5090
2020-07-26,4557
2020-07-27,5068
2020-07-28,5491
2020-07-29,6278
2020-07-30,5549
2020-07-31,4984
2020-08-01,6192
2020-08-02,8230
2020-08-03,7615
2020-08-04,3962
2020-08-05,5652
2020-08-06,8024
2020-08-07,7132
2020-08-08,8505
2020-08-09,8256
2020-08-10,8405
2020-08-11,8401
2020-08-12,7448
2020-08-13,7609
2020-08-14,7028
2020-08-15,8838
2020-08-16,8405
2020-08-17,8435
2020-08-18,8609
2020-08-19,8639
2020-08-20,8042
2020-08-21,7248
2020-08-22,8296
2020-08-23,8698
2020-08-24,8686
2020-08-25,8757
2020-08-26,9095
2020-08-27,8792
2020-08-28,7822
2020-08-29,9486
2020-08-30,11875
2020-08-31,11036
2020-09-01,10931
2020-09-02,11641
2020-09-03,11885
2020-09-04,10722
2020-09-05,13486
2020-09-06,15226
2020-09-07,12538
2020-09-08,10213
2020-09-09,10239
2020-09-10,11577
2020-09-11,11466
2020-09-12,14174
2020-09-13,14072
2020-09-14,13475
2020-09-15,9644
2020-09-16,13351
2020-09-17,12506
2020-09-18,13024
2020-09-19,12372
2020-09-20,13851
2020-09-21,13392
2020-09-22,14097
2020-09-23,11799
2020-09-24,13620
2020-09-25,12816
2020-09-26,18296
2020-09-27,12655
2020-09-28,16773
2020-09-29,14998
2020-09-30,15390
2020-10-01,16735
2020-10-02,17190
2020-10-03,22533
2020-10-04,20228
2020-10-05,18867
2020-10-06,18130
2020-10-07,18669
2020-10-08,18669
2020-10-09,16130
2020-10-10,18144
2020-10-11,19174
2020-10-12,18814
2020-10-13,17977
2020-10-14,17683
2020-10-15,17627
2020-10-16,15397
2020-10-17,18108
2020-10-18,17915
2020-10-19,17330
2020-10-20,17256
2020-10-21,17574
2020-10-22,17752
2020-10-23,17577
2020-10-24,19057
2020-10-25,16043
2020-10-26,17080
2020-10-27,20315
2020-10-28,20333
2020-10-29,21696
2020-10-30,20269
2020-10-31,24421
2020-11-01,27107
2020-11-02,27162
2020-11-03,26931
2020-11-04,27857
2020-11-05,27078
2020-11-06,23515
2020-11-07,30705
2020-11-08,32297
2020-11-09,27888
2020-11-10,27239
2020-11-11,27792
2020-11-12,27184
2020-11-13,22462
2020-11-14,23232
2020-11-15,28780
2020-11-16,30772
2020-11-17,29608
2020-11-18,29608
2020-11-19,27471
2020-11-20,27123
2020-11-21,31552
2020-11-22,32640
2020-11-23,33312
2020-11-24,29298
2020-11-25,29295
2020-11-26,25585
2020-11-27,24035
2020-11-28,31361
2020-11-29,29410
2020-11-30,28944
2020-12-01,19046
2020-12-02,27160
2020-12-03,28635
2020-12-04,26710
2020-12-05,33696
2020-12-06,33448
2020-12-07,30098
2020-12-08,31022
2020-12-09,30630
2020-12-10,30697
2020-12-11,29914
2020-12-12,38516
2020-12-13,37812
2020-12-14,38685
2020-12-15,33873
2020-12-16,35038
2020-12-17,34822
2020-12-18,30868
2020-12-19,37370
2020-12-20,40121
2020-12-21,36924
2020-12-22,34630
2020-12-23,36055
2020-12-24,31475
2020-12-25,42825
2020-12-26,40393
2020-12-27,41812
2020-12-28,42080
2020-12-29,42521
2020-12-30,44177
2020-12-31,42161
2021-01-01,36057
2021-01-02,48462
2021-01-03,45108
2021-01-04,35784
2021-01-05,37064
2021-01-06,36139
2021-01-07,36193
2021-01-08,35265
2021-01-09,38434
2021-01-10,37849
2021-01-11,37259
2021-01-12,35901
2021-01-13,34768
2021-01-14,36439
2021-01-15,33715
2021-01-16,38471
2021-01-17,38079
2021-01-18,36832
2021-01-19,36017
2021-01-20,38296
2021-01-21,41442
2021-01-22,43530
2021-01-23,47426
2021-01-24,47900
2021-01-26,49346
2021-01-27,47339
2021-01-28,48210
2021-01-29,42985
2021-01-30,47786
2021-01-31,48337
2021-02-01,43313
2021-02-02,44844
2021-02-03,46257
2021-02-04,46928
2021-02-05,46245
2021-02-06,50200
2021-02-07,51796
2021-02-08,50059
2021-02-09,49754
2021-02-10,47504
2021-02-11,49913
2021-02-12,48846
2021-02-13,54134
2021-02-14,56448
2021-02-15,54040
2021-02-16,53475
2021-02-17,53693
2021-02-18,53693
2021-02-19,48541
2021-02-20,55198
2021-02-21,54218
2021-02-22,54855
2021-02-23,54479
2021-02-24,55297
2021-02-25,54096
2021-02-26,51368
2021-02-27,56210
2021-02-28,55823
2021-03-01,53303
2021-03-02,52135
2021-03-03,51725
2021-03-04,51877
2021-03-05,49651
2021-03-06,56143
2021-03-07,55917
2021-03-08,51600
2021-03-09,52366
2021-03-10,54512
2021-03-11,49707
2021-03-12,50488
2021-03-13,55069
2021-03-14,53057
2021-03-15,52389
2021-03-16,52080
2021-03-17,50476
2021-03-18,52087
2021-03-19,49433
2021-03-20,55860
2021-03-21,54819
2021-03-22,53435
2021-03-23,52414
2021-03-24,53961
2021-03-25,51560
2021-03-26,48482
2021-03-27,53567
2021-03-28,55686
2021-03-29,53485
2021-03-30,51249
2021-03-31,49268
2021-04-01,44711
2021-04-02,44717
2021-04-03,53033
2021-04-04,50653
2021-04-05,51958
2021-04-06,37549
2021-04-07,45640
2021-04-08,37909
2021-04-09,39085
2021-04-10,49751
2021-04-11,47471
2021-04-12,39998
2021-04-13,28472
2021-04-14,29863
2021-04-15,25625
2021-04-16,22664
2021-04-17,30537
2021-04-18,27822
2021-04-19,25695
2021-04-20,23636
2021-04-21,21265
2021-04-22,16412
2021-04-23,12679
2021-04-24,23998
2021-04-25,16560
2021-04-26,17299
2021-04-27,11490
2021-04-28,12515
2021-04-29,9640
2021-04-30,9640
2021-05-01,9703
2021-05-02,10824
2021-05-03,8292
2021-05-04,4723
2021-05-05,5084
2021-05-06,6011
2021-05-07,5566
2021-05-08,9065
2021-05-09,4934
2021-05-10,2400
2021-05-11,2262
2021-05-12,2141
2021-05-13,4651
2021-05-14,5108
2021-05-15,7916
2021-05-16,5081
2021-05-17,4587
2021-05-18,3485
2021-05-19,5030
2021-05-20,3227
2021-05-21,3789
2021-05-22,5788
2021-05-23,9024
2021-05-24,8861
2021-05-25,5880
2021-05-26,8984
2021-05-27,10601
2021-05-28,11055
2021-05-29,13450
2021-05-30,13085
2021-05-31,13142
2021-06-01,7010
2021-06-02,7635
2021-06-03,8839
2021-06-04,8799
2021-06-05,13516
2021-06-06,12874
2021-06-07,11569
2021-06-08,11302
2021-06-09,11770
2021-06-10,11307
2021-06-11,11210
2021-06-12,16568
2021-06-13,15314
2021-06-14,13918
2021-06-15,13358
2021-06-16,14116
2021-06-17,15310
2021-06-18,13453
2021-06-19,18211
2021-06-20,18004
2021-06-21,15973
2021-06-22,15423
2021-06-23,15995
2021-06-24,17744
2021-06-25,12685
2021-06-26,18057
2021-06-27,17824
2021-06-28,15900
2021-06-29,15502
2021-06-30,15502
2021-07-01,16872
2021-07-02,14433
2021-07-03,18572
2021-07-04,18459
2021-07-05,18290
2021-07-07,17806
2021-07-08,17736
2021-07-09,14229
2021-07-10,18782
2021-07-11,18010
2021-07-12,19218
2021-07-13,12141
2021-07-14,16787
2021-07-15,17226
2021-07-16,16787
2021-07-17,18195
2021-07-18,17264
2021-07-19,17073
2021-07-20,17310
2021-07-21,16498
2021-07-22,17009
2021-07-23,14518
2021-07-24,20047
2021-07-25,18153
2021-07-26,16675
2021-07-27,16465
2021-07-28,17752
2021-07-29,19837
2021-07-30,17030
2021-07-31,20994
2021-08-01,20796
2021-08-02,20609
2021-08-03,20421
2021-08-04,20401
2021-08-05,20575
2021-08-06,17936
2021-08-07,21394
2021-08-08,20446
2021-08-09,20016
2021-08-10,20016
2021-08-11,21156
2021-08-12,21446
2021-08-13,19256
2021-08-14,23809
2021-08-15,21538
2021-08-16,21750
2021-08-17,20590
2021-08-19,18086
2021-08-20,18462
2021-08-21,23239
2021-08-22,22832
2021-08-23,22079
2021-08-24,21193
2021-08-25,20877
2021-08-26,22072
2021-08-28,24057
2021-08-29,23313
2021-08-30,22849
2021-08-31,20638
2021-09-01,21463
2021-09-02,23832
2021-09-03,19843
2021-09-04,24568
2021-09-05,23081
2021-09-06,22896
2021-09-07,21362
2021-09-08,22949
2021-09-09,22974
2021-09-10,20505
2021-09-11,27323
2021-09-12,26875
2021-09-13,25295
2021-09-14,24004
2021-09-15,23661
2021-09-16,25821
2021-09-17,22766
2021-09-18,29621
2021-09-19,30811
2021-09-20,31558
2021-09-21,28849
2021-09-22,28880
2021-09-23,29530
2021-09-24,26249
2021-09-25,29712
2021-09-26,29821
2021-09-27,29485
2021-09-28,27167
2021-09-29,27021
2021-09-30,28422
2021-10-01,25052
2021-10-02,32050
2021-10-03,29524
2021-10-04,28601
2021-10-05,20475
2021-10-06,21784
2021-10-07,13303
2021-10-08,21972
2021-10-09,25377
2021-10-10,27056
2021-10-11,20850
2021-10-12,27176
2021-10-13,26810
2021-10-14,28163
2021-10-15,30442
2021-10-16,25124
2021-10-17,28231
2021-10-18,28513
2021-10-19,27482
2021-10-20,27878
2021-10-21,27473
2021-10-22,28154
2021-10-23,28278
2021-10-24,28278
2021-10-25,27544
2021-10-26,27006
2021-10-27,27716
2021-10-28,27216
2021-10-29,23142
2021-10-30,27907
2021-10-31,28311
2021-11-01,35747
2021-11-02,32365
2021-11-03,30379
2021-11-04,25924
2021-11-05,29586
2021-11-06,35290
2021-11-07,34824
2021-11-08,34695
2021-11-09,32816
2021-11-10,33310
2021-11-11,33519
2021-11-12,28851
2021-11-13,29449
2021-11-14,28373
2021-11-15,28651
2021-11-16,29180
2021-11-17,31995
2021-11-19,7053
2021-11-20,13099
2021-11-21,17223
2021-11-22,17531
2021-11-23,18941
2021-11-24,22778
2021-11-25,24379
2021-11-26,21515
2021-11-27,25212
2021-11-28,24608
2021-11-29,24449
2021-11-30,23274
2021-12-01,26664
2021-12-02,26514
2021-12-04,27291
2021-12-05,28476
2021-12-06,29367
2021-12-07,28343
2021-12-08,28520
2021-12-09,30668
2021-12-10,28858
2021-12-11,34040
2021-12-12,33802
2021-12-13,33775
2021-12-14,32173
2021-12-15,33898
2021-12-16,33776
2021-12-17,30055
2021-12-18,36315
2021-12-19,35440
2021-12-20,39267
2021-12-21,33380
2021-12-22,33489
2021-12-23,34035
2021-12-24,31815
2021-12-25,38160
2021-12-26,36126
2021-12-27,37627
2021-12-28,33039
2021-12-29,33065
2021-12-30,31967
2021-12-31,21263
2022-01-01,36560
2022-01-02,38894
2022-01-03,31776
2022-01-04,31523
2022-01-05,32044
2022-01-06,32613
2022-01-07,29652
2022-01-08,33619
2022-01-09,32235
2022-01-10,32242
2022-01-11,23744
2022-01-12,25524
2022-01-13,46118
2022-01-14,37304
2022-01-15,34375
2022-01-16,35642
2022-01-17,35333
2022-01-18,33971
2022-01-19,34187
2022-01-20,36092
2022-01-21,39440
2022-01-22,45481
2022-01-23,27895
2022-01-24,27223
2022-01-25,28745
2022-01-26,27446
2022-01-27,27536
2022-01-28,24888
2022-01-29,28234
2022-01-30,27896
2022-01-31,26401
2022-02-01,29496
2022-02-02,29026
2022-02-03,31167
2022-02-04,28410
2022-02-05,34632
2022-02-06,33737
2022-02-07,35516
2022-02-08,30172
2022-02-09,32092
2022-02-10,32894
2022-02-11,32894
2022-02-12,36333
2022-02-13,34562
2022-02-14,33356
2022-02-15,31794
2022-02-16,39691
2022-02-17,39335
2022-02-18,35584
2022-02-19,41463
2022-02-20,41390
2022-02-21,39619
2022-02-22,38000
2022-02-23,37216
2022-02-24,53740
2022-02-25,56559
2022-02-26,65704
2022-02-27,68095
2022-02-28,55532
2022-03-01,53163
2022-03-02,46172
2022-03-03,50511
2022-03-04,56686
2022-03-05,67750
2022-03-06,61052
2022-03-07,57904
2022-03-08,58561
2022-03-09,59086
2022-03-10,61620
2022-03-11,65192
2022-03-12,75775
2022-03-13,74167
2022-03-14,65155
2022-03-15,61982
2022-03-16,64368
2022-03-17,66577
2022-03-18,66763
2022-03-19,80429
2022-03-20,72265
2022-03-21,70408
2022-03-22,69711
2022-03-23,64986
2022-03-24,63042
2022-03-25,65418
2022-03-26,69897
2022-03-27,71167
2022-03-28,62956
2022-03-29,54396
2022-03-30,61224
2022-03-31,54273
2022-04-01,56958
2022-04-02,62925
2022-04-03,71034
2022-04-04,66112
2022-04-05,66381
2022-04-06,68009
2022-04-07,65840
2022-04-08,60790
2022-04-09,70727
2022-04-10,66593
2022-04-11,63223
2022-04-12,72567
2022-04-13,88748
2022-04-14,82722
2022-04-15,75110
2022-04-16,76746
2022-04-17,68299
2022-04-18,64157
2022-04-19,67858
2022-04-20,66745
2022-04-21,61278
2022-04-22,63084
2022-04-23,75438
2022-04-24,75438
2022-04-25,65763
2022-04-26,67681
2022-04-27,75078
2022-04-28,64380
2022-04-29,65725
2022-04-30,75010
2022-05-01,72904
2022-05-02,65756
2022-05-03,67577
2022-05-04,69603
2022-05-05,59528
2022-05-06,63265
2022-05-07,76324
2022-05-08,75876
2022-05-09,69154
2022-05-10,61090
2022-05-11,61863
2022-05-12,61087
2022-05-13,62001
2022-05-14,81107
2022-05-15,81720
2022-05-16,72567
2022-05-17,75400
2022-05-18,74389
2022-05-19,67625
2022-05-20,71119
2022-05-21,83739
2022-05-22,89665
2022-05-23,75324
2022-05-24,75759
2022-05-25,75759
2022-05-26,72758
2022-05-27,73358
2022-05-28,89318
2022-05-29,90885
2022-05-30,74823
2022-05-31,69848
2022-06-01,71914
2022-06-02,66001
2022-06-03,71196
2022-06-04,90165
2022-06-05,78188
2022-06-06,76921
2022-06-07,76425
2022-06-08,75345
2022-06-09,70019
2022-06-10,67949
2022-06-11,87698
2022-06-12,93400
2022-06-13,78602
2022-06-14,79103
2022-06-15,77326
2022-06-16,73371
2022-06-17,76407
2022-06-18,84982
2022-06-19,90471
2022-06-20,76597
2022-06-21,74906
2022-06-22,75472
2022-06-23,68873
2022-06-24,71589
2022-06-25,94411
2022-06-26,88613
2022-06-27,74288
2022-06-28,77154
2022-06-29,70134
2022-06-30,65898
2022-07-01,64628
2022-07-02,88026
2022-07-03,88682
2022-07-04,77907
2022-07-05,73439
2022-07-06,76418
2022-07-07,75407
2022-07-08,73016
2022-07-09,87478
2022-07-10,89013
2022-07-11,62141
2022-07-12,74212
2022-07-13,71289
2022-07-14,74304
2022-07-15,72195
2022-07-16,84885
2022-07-17,73387
2022-07-18,77273
2022-07-19,74503
2022-07-20,76821
2022-07-21,71437
2022-07-22,71395
2022-07-23,78479
2022-07-24,80815
2022-07-25,72873
2022-07-26,68982
2022-07-27,73375
2022-07-28,67364
2022-07-29,58747
2022-07-30,77541
2022-07-31,81287
2022-08-01,71450
2022-08-02,72067
2022-08-03,69628
2022-08-04,62351
2022-08-05,65939
2022-08-06,79525
2022-08-07,81903
2022-08-08,74830
2022-08-09,77277
2022-08-10,74497
2022-08-11,63754
2022-08-12,64079
2022-08-13,83422
2022-08-14,92328
2022-08-15,87692
2022-08-16,72851
2022-08-17,83880
2022-08-18,70674
2022-08-19,64438
2022-08-20,79836
2022-08-21,81523
2022-08-22,72804
2022-08-23,68467
2022-08-24,74748
2022-08-25,68128
2022-08-26,69012
2022-08-27,80312
2022-08-28,74297
2022-08-29,67950
2022-08-30,64336
2022-08-31,66086
2022-09-01,63332
2022-09-02,67525
2022-09-03,79833
2022-09-04,71158
2022-09-05,67843
2022-09-06,70328
2022-09-07,69115
2022-09-08,65470
2022-09-09,64292
2022-09-10,80741
2022-09-11,86793
2022-09-12,74231
2022-09-13,75175
2022-09-14,72540
2022-09-15,65634
2022-09-16,67425
2022-09-17,82392
2022-09-18,88924
2022-09-19,67276
2022-09-20,73186
2022-09-21,74817
2022-09-22,65187
2022-09-23,65158
2022-09-24,77855
2022-09-25,69650
2022-09-26,52682
2022-09-27,51308
2022-09-28,64823
2022-09-29,61879
2022-09-30,75382
2022-10-01,81318
2022-10-02,82463
2022-10-03,82815
2022-10-04,68539
2022-10-05,63579
2022-10-06,72195
2022-10-07,70007
2022-10-08,81034
2022-10-09,86188
2022-10-10,83223
2022-10-11,77956
2022-10-12,79370
2022-10-13,72216
2022-10-14,68675
2022-10-15,81535
2022-10-16,84794
2022-10-17,70067
2022-10-18,73420
2022-10-19,72243
2022-10-20,62725
2022-10-21,62203
2022-10-22,78299
2022-10-23,80565
2022-10-24,69278
2022-10-25,25549
2022-10-26,71689
2022-10-27,67439
2022-10-28,63512
2022-10-29,84878
2022-10-30,85131
2022-10-31,70560
2022-11-01,72176
2022-11-02,68995
2022-11-03,70263
2022-11-04,63670
2022-11-05,82604
2022-11-06,84211
2022-11-07,74094
2022-11-08,22423
2022-11-09,66946
2022-11-10,61304
2022-11-11,57104
2022-11-12,73323
2022-11-13,81130
2022-11-14,69814
2022-11-15,71461
2022-11-16,74412
2022-11-17,65062
2022-11-18,60861
2022-11-19,79471
2022-11-20,80294
2022-11-21,70163
2022-11-22,69587
2022-11-23,74354
2022-11-24,66072
2022-11-25,60157
2022-11-26,76681
2022-11-27,73831
2022-11-28,67468
2022-11-29,69211
2022-11-30,69640
2022-12-01,65568
2022-12-02,64586
2022-12-03,63931
2022-12-04,80001
2022-12-05,66020
2022-12-06,64162
2022-12-07,51376
2022-12-08,54609
2022-12-09,57581
2022-12-10,69383
2022-12-11,72466
2022-12-12,65466
2022-12-13,63214
2022-12-14,59752
2022-12-15,63549
2022-12-16,48928
2022-12-17,64107
2022-12-18,75611
2022-12-19,63759
2022-12-20,63366
2022-12-21,68469
2022-12-22,63145
2022-12-23,62055
2022-12-24,71528
2022-12-25,70373
2022-12-26,62152
2022-12-27,70496
2022-12-28,71299
2022-12-29,67156
2022-12-30,63253
2022-12-31,78460
2023-01-01,78460
2023-01-02,69414
2023-01-03,71924
2023-01-04,61116
2023-01-05,47781
2023-01-06,45887
2023-01-07,62856
2023-01-08,67169
2023-01-09,56003
2023-01-10,58184
2023-01-11,68855
2023-01-12,68354
2023-01-13,68354
2023-01-14,73394
2023-01-15,76307
2023-01-16,69804
2023-01-17,74236
2023-01-18,76229
2023-01-19,67511
2023-01-21,78158
2023-01-22,72998
2023-01-23,70413
2023-01-24,69221
2023-01-25,67493
2023-01-26,58379
2023-01-27,59695
2023-01-28,80094
2023-01-29,78639
2023-01-30,74242
2023-01-31,60939
2023-02-01,61368
2023-02-02,60609
2023-02-03,57147
2023-02-04,72226
2023-02-05,78340
2023-02-06,71496
2023-02-07,65297
2023-02-08,63315
2023-02-09,59090
2023-02-10,57702
2023-02-11,75728
2023-02-12,80969
2023-02-13,71434
2023-02-14,70789
2023-02-15,66033
2023-02-16,54469
2023-02-17,65633
2023-02-18,71350
2023-02-19,79555
2023-02-20,61374
2023-02-21,53755
2023-02-22,62101
2023-02-23,57737
2023-02-24,61265
2023-02-25,76736
2023-02-26,81170
2023-02-27,71387
2023-02-28,59392
2023-03-01,60931
2023-03-02,60682
2023-03-03,58137
2023-03-04,77522
2023-03-05,74994
2023-03-06,65613
2023-03-07,59751
2023-03-08,61921
2023-03-09,58494
2023-03-10,63443
2023-03-11,79561
2023-03-12,81458
2023-03-13,68365
2023-03-14,63285
2023-03-15,63535
2023-03-16,59776
2023-03-17,62938
2023-03-18,75452
2023-03-19,81700
2023-03-20,62824
2023-03-21,57559
2023-03-22,53146
2023-03-23,58955
2023-03-24,63507
2023-03-25,77856
2023-03-26,79415
2023-03-27,67886
2023-03-28,70605
2023-03-29,64754
2023-03-30,60699
2023-03-31,61425
2023-04-01,75510
2023-04-02,82398
2023-04-03,70086
2023-04-04,70497
2023-04-05,73208
2023-04-06,60101
2023-04-07,71782
2023-04-08,85450
2023-04-09,86129
2023-04-10,69781
2023-04-11,65314
2023-04-12,63244
2023-04-13,67687
2023-04-14,66310
2023-04-15,81305
2023-04-16,76201
2023-04-17,67828
2023-04-18,66476
2023-04-19,61050
2023-04-20,56680
2023-04-21,57354
2023-04-22,72631
2023-04-23,74873
2023-04-24,63870
2023-04-25,62971
2023-04-26,63382
2023-04-27,65910
2023-04-28,59071
2023-04-29,75652
2023-04-30,82582
2023-05-01,81183
2023-05-02,75789
2023-05-03,68953
2023-05-04,64707
2023-05-05,59849
2023-05-06,76392
2023-05-07,74876
2023-05-08,65904
2023-05-09,65237
2023-05-10,61510
2023-05-11,67853
2023-05-12,71763
2023-05-13,87007
2023-05-14,87022
2023-05-15,70366
2023-05-16,77436
2023-05-17,79207
2023-05-18,66820
2023-05-19,81833
2023-05-20,85297
2023-05-21,84539
2023-05-22,78349
2023-05-23,75875
2023-05-24,74995
2023-05-25,74583
2023-05-26,79486
2023-05-27,88604
2023-05-28,88604
2023-05-29,78126
2023-05-30,75871
2023-05-31,80284
2023-06-01,62407
2023-06-02,76963
2023-06-03,85366
2023-06-04,87434
2023-06-05,79974
2023-06-06,78030
2023-06-07,75229
2023-06-08,70160
2023-06-09,74502
2023-06-10,88626
2023-06-11,92238
2023-06-12,79087
2023-06-13,75227
2023-06-14,78487
2023-06-16,72299
2023-06-17,87762
2023-06-18,86181
2023-06-19,69879
2023-06-20,71935
2023-06-21,77120
2023-06-22,67294
2023-06-23,72304
2023-06-24,83889
2023-06-25,87407
2023-06-26,73156
2023-06-27,69143
2023-06-28,71615
2023-06-29,62005
2023-06-30,73572
2023-07-01,82999
2023-07-02,82999
2023-07-03,66077
2023-07-04,76254
2023-07-05,77299
2023-07-06,66977
2023-07-07,69483
2023-07-08,86781
2023-07-09,88836
2023-07-10,64347
2023-07-11,67271
2023-07-12,72664
2023-07-13,67300
2023-07-14,71472
2023-07-15,87171
2023-07-16,86170
2023-07-17,71894
2023-07-18,64003
2023-07-19,74024
2023-07-20,63628
2023-07-21,71721
2023-07-22,84430
2023-07-23,87792
2023-07-24,73796
2023-07-25,73137
2023-07-26,74268
2023-07-27,63932
2023-07-28,69378
2023-07-29,78115
2023-07-30,85258
2023-07-31,68601
2023-08-01,67728
2023-08-02,69365
2023-08-03,59898
2023-08-04,69270
2023-08-05,81472
2023-08-06,83856
2023-08-07,69733
2023-08-08,73879
2023-08-09,75594
2023-08-10,57443
2023-08-11,72158
2023-08-12,82265
2023-08-13,84401
2023-08-14,74617
2023-08-15,78726
2023-08-16,75776
2023-08-17,64695
2023-08-18,61904
2023-08-19,79242
2023-08-20,79444
2023-08-21,69909
2023-08-22,72695
2023-08-23,71122
2023-08-24,67308
2023-08-25,69529
2023-08-26,71073
2023-08-27,71073
2023-08-28,68263
2023-08-29,64214
2023-08-30,71132
2023-08-31,59808
2023-09-01,67193
2023-09-02,81655
2023-09-03,81459
2023-09-04,76555
2023-09-05,71946
2023-09-06,75804
2023-09-07,58855
2023-09-08,68201
2023-09-09,78557
2023-09-10,84449
2023-09-11,66199
2023-09-12,70055
2023-09-13,75059
2023-09-14,61296
2023-09-15,62357
2023-09-16,66590
2023-09-17,77441
2023-09-18,62745
2023-09-19,67267
2023-09-20,64277
2023-09-21,66462
2023-09-22,72650
2023-09-23,74884
2023-09-24,66598
2023-09-25,72137
2023-09-26,55747
2023-09-27,66336
2023-09-28,54620
2023-09-29,66233
2023-09-30,87081
2023-10-01,88623
2023-10-02,80551
2023-10-03,79365
2023-10-04,76526
2023-10-05,68558
2023-10-06,72104
2023-10-07,72309
2023-10-08,70515
2023-10-09,68828
2023-10-10,71361
2023-10-11,72230
2023-10-12,65937
2023-10-13,59304
2023-10-14,67785
2023-10-15,60659
2023-10-16,73859
2023-10-17,72123
2023-10-18,68763
2023-10-19,66757
2023-10-20,69821
2023-10-21,65422
2023-10-22,77187
2023-10-23,79693
2023-10-24,71037
2023-10-25,65422
2023-10-26,62055
2023-10-27,63404
2023-10-28,47531
2023-10-29,85497
2023-10-30,69654
2023-10-31,62269
2023-11-01,63710
2023-11-02,59335
2023-11-03,66048
2023-11-04,70250
2023-11-05,78389
2023-11-06,66312
2023-11-07,61640
2023-11-08,58157
2023-11-09,56723
2023-11-10,56978
2023-11-11,71490
2023-11-12,74807
2023-11-13,70902
2023-11-14,69041
2023-11-15,71123
2023-11-16,62494
2023-11-17,67140
2023-11-18,70686
2023-11-19,79800
2023-11-20,67198
2023-11-21,69981
2023-11-22,65891
2023-11-23,45503
2023-11-24,74843
2023-11-25,68179
2023-11-26,70350
2023-11-27,58176
2023-11-28,58874
2023-11-29,61403
2023-11-30,58278
2023-12-01,56950
2023-12-02,66162
2023-12-03,70349
2023-12-04,55909
2023-12-05,44547
2023-12-06,45275
2023-12-07,56344
2023-12-08,54323
2023-12-09,68769
2023-12-10,73091
2023-12-11,64882
2023-12-12,63021
2023-12-13,60928
2023-12-14,56049
2023-12-15,71037
2023-12-16,59734
2023-12-17,74845
2023-12-18,61499
2023-12-19,64040
2023-12-20,67043
2023-12-21,59868
2023-12-22,40638
2023-12-23,67906
2023-12-24,63519
2023-12-25,69294
2023-12-26,71488
2023-12-27,65361
2023-12-28,58415
2023-12-29,56200
2023-12-30,63728
2023-12-31,64665
2024-01-01,63358
2024-01-02,73712
2024-01-03,65514
2024-01-04,59522
2024-01-05,57411
2024-01-06,68793
2024-01-07,76058
2024-01-08,61511
2024-01-09,65901
2024-01-10,62499
2024-01-11,53055
2024-01-12,56588
2024-01-13,65962
2024-01-14,86107
2024-01-15,80964
2024-01-16,73016
2024-01-17,72263
2024-01-18,62649
2024-01-19,69874
2024-01-20,76041
2024-01-21,77334
2024-01-22,67568
2024-01-23,63665
2024-01-24,65991
2024-01-25,54105
2024-01-26,71664
2024-01-27,76104
2024-01-28,85142
2024-01-29,71082
2024-01-30,61135
2024-01-31,64635
2024-02-01,57223
2024-02-02,58842
2024-02-03,69232
2024-02-04,70679
2024-02-05,64512
2024-02-07,65683
2024-02-08,57357
2024-02-09,62593
2024-02-10,70158
2024-02-11,72256
2024-02-12,69314
2024-02-13,68363
2024-02-14,67275
2024-02-15,45825
2024-02-16,77483
2024-02-17,71021
2024-02-18,70338
2024-02-19,64741
2024-02-20,62304
2024-02-21,69191
2024-02-22,57973
2024-02-23,62880
2024-02-24,72175
2024-02-25,76577
2024-02-26,70077
2024-02-27,63421
2024-02-28,66915
2024-02-29,57338
2024-03-01,59646
2024-03-02,70422
2024-03-03,76876
2024-03-04,70570
2024-03-05,64552
2024-03-06,65887
2024-03-07,57880
2024-03-08,63831
2024-03-09,68446
2024-03-10,76213
2024-03-11,64802
2024-03-12,60110
2024-03-13,67832
2024-03-14,48444
2024-03-15,66322
2024-03-16,74351
2024-03-17,83825
2024-03-18,65051
2024-03-19,63251
2024-03-20,69072
2024-03-21,60485
2024-03-22,59236
2024-03-23,72986
2024-03-24,80532
2024-03-25,78731
2024-03-26,68563
2024-03-27,64097
2024-03-28,65992
2024-03-29,60958
2024-03-30,79907
2024-03-31,81224
2024-04-01,62439
2024-04-02,56228
2024-04-03,61087
2024-04-04,62549
2024-04-05,59621
2024-04-06,75414
2024-04-07,73801
2024-04-08,61920
2024-04-09,55756
2024-04-10,65750
2024-04-11,62366
2024-04-12,63163
2024-04-13,82139
2024-04-14,81057
2024-04-15,77511
2024-04-16,67294
2024-04-17,58690
2024-04-18,55537
2024-04-19,60517
2024-04-20,73051
2024-04-21,77366
2024-04-22,62894
2024-04-23,60371
2024-04-24,64080
2024-04-25,61492
2024-04-26,57909
2024-04-27,81212
2024-04-28,86241
2024-04-29,77673
2024-04-30,72310
2024-05-01,72510
2024-05-02,65313
2024-05-03,62624
2024-05-04,77848
2024-05-05,81927
2024-05-06,76748
2024-05-07,65146
2024-05-08,64766
2024-05-09,65508
2024-05-10,60545
2024-05-11,76945
2024-05-12,80001
2024-05-13,70815
2024-05-14,75783
2024-05-15,81930
2024-05-16,76369
2024-05-17,71510
2024-05-18,90721
2024-05-19,86721
2024-05-20,85825
2024-05-21,80744
2024-05-22,80048
2024-05-23,65416
2024-05-24,70668
2024-05-25,83866
2024-05-26,89161
2024-05-27,81831
2024-05-28,76381
2024-05-29,73811
2024-05-30,64115
2024-05-31,67873
2024-06-01,78686
2024-06-02,83740
2024-06-03,76362
2024-06-04,76291
2024-06-05,67320
2024-06-06,62161
2024-06-07,63830
2024-06-08,79398
2024-06-09,81744
2024-06-10,78064
2024-06-11,76665
2024-06-12,75068
2024-06-13,61499
2024-06-14,66782
2024-06-15,82886
2024-06-16,69870
2024-06-17,75872
2024-06-18,75125
2024-06-19,79584
2024-06-20,62756
2024-06-21,72294
2024-06-22,74467
2024-06-23,81455
2024-06-24,77878
2024-06-25,71824
2024-06-26,77332
2024-06-27,60782
2024-06-28,66256
2024-06-29,80404
2024-06-30,81005
2024-07-01,75449
2024-07-02,67398
2024-07-03,69632
2024-07-04,63826
2024-07-05,65775
2024-07-06,77995
2024-07-07,78912
2024-07-08,63619
2024-07-09,67245
2024-07-10,73353
2024-07-11,65392
2024-07-12,63493
2024-07-13,75916
2024-07-14,84797
2024-07-15,75054
2024-07-16,71409
2024-07-17,69029
2024-07-18,67223
2024-07-19,65134
2024-07-20,83538
2024-07-21,75963
2024-07-22,71939
2024-07-23,73332
2024-07-24,73023
2024-07-25,61699
2024-07-26,65980
2024-07-27,84173
2024-07-28,79327
2024-07-29,65874
2024-07-30,69937
2024-07-31,67916
2024-08-01,61465
2024-08-02,62540
2024-08-03,75140
2024-08-04,75356
2024-08-05,63095
2024-08-06,66235
2024-08-07,75109
2024-08-08,63535
2024-08-09,65131
2024-08-10,73313
2024-08-11,86604
2024-08-12,70728
2024-08-13,73246
2024-08-14,72967
2024-08-15,76695
2024-08-16,62625
2024-08-17,77807
2024-08-18,77807
2024-08-19,71595
2024-08-20,73082
2024-08-22,63202
2024-08-23,69098
2024-08-24,79521
2024-08-25,84060
2024-08-26,76910
2024-08-27,71153
2024-08-28,76772
2024-08-29,62529
2024-08-30,65080
2024-08-31,81207
2024-09-01,74498
2024-09-02,63936
2024-09-03,57817
2024-09-04,57390
2024-09-05,61142
2024-09-06,58100
2024-09-07,83960
2024-09-08,81178
2024-09-09,67030
2024-09-10,62380
2024-09-11,67668
2024-09-12,63544
2024-09-13,60694
2024-09-14,80735
2024-09-15,85626
2024-09-16,76200
2024-09-17,72072
2024-09-18,78690
2024-09-19,68835
2024-09-20,73104
2024-09-21,82406
2024-09-22,82646
2024-09-23,65604
2024-09-24,67616
2024-09-25,77939
2024-09-26,61328
2024-09-27,64158
2024-09-28,71133
2024-09-29,84066
2024-09-30,66986
2024-10-01,69300
2024-10-02,80613
2024-10-03,63376
2024-10-04,54866
2024-10-05,75552
2024-10-06,86859
2024-10-07,81481
2024-10-08,82043
2024-10-09,79753
2024-10-10,60775
2024-10-11,71443
2024-10-12,73684
2024-10-13,86900
2024-10-14,75361
2024-10-15,73891
2024-10-16,75371
2024-10-17,58637
2024-10-18,61576
2024-10-19,80741
2024-10-20,73926
2024-10-22,64359
2024-10-23,64447
2024-10-24,61004
2024-10-25,56501
2024-10-26,77844
2024-10-27,69333
2024-10-28,63729
2024-10-29,59140
2024-10-30,59140
2024-10-31,63987
2024-11-01,67785
2024-11-02,88076
2024-11-03,84489
2024-11-04,74651
2024-11-05,68146
2024-11-07,52643
2024-11-08,64983
2024-11-09,73558
2024-11-10,82558
2024-11-11,73917
2024-11-12,61446
2024-11-13,66441
2024-11-14,56711
2024-11-15,61613
2024-11-16,73179
2024-11-17,71441
2024-11-18,62085
2024-11-19,62248
2024-11-20,59231
2024-11-21,60803
2024-11-22,63731
2024-11-23,75147
2024-11-24,75737
2024-11-25,63637
2024-11-26,64525
2024-11-27,67626
2024-11-28,56952
2024-11-29,62147
2024-11-30,73169
2024-12-01,67496
2024-12-02,58607
2024-12-03,60301
2024-12-04,65265
2024-12-06,75782
2024-12-07,78569
2024-12-08,73107
2024-12-09,67124
2024-12-10,67284
2024-12-11,65887
2024-12-12,61178
2024-12-13,63722
2024-12-14,72962
2024-12-15,66160
2024-12-16,62112
2024-12-17,63598
2024-12-18,70457
2024-12-19,58165
2024-12-20,65299
2024-12-21,72411
2024-12-22,77260
2024-12-23,65656
2024-12-24,67209
2024-12-25,73301
2024-12-26,59584
2024-12-27,66715
2024-12-28,78414
2024-12-29,84950
2024-12-30,68298
2024-12-31,62495
2025-01-01,69630
2025-01-02,62085
2025-01-03,56550
2025-01-04,71990
2025-01-05,66561
2025-01-06,54180
2025-01-07,62566
2025-01-08,62903
2025-01-09,40265
2025-01-10,60094
2025-01-11,53013
2025-01-12,70966
2025-01-13,74800
2025-01-14,74800
2025-01-15,71417
2025-01-16,67115
2025-01-17,61142
2025-01-18,75931
2025-01-19,70826
2025-01-20,83806
2025-01-21,60581
2025-01-22,62223
2025-01-23,56225
2025-01-24,57655
2025-01-25,77651
2025-01-26,74742
2025-01-27,65278
2025-01-28,70610
2025-01-29,62710
2025-01-30,51349
2025-01-31,51818
2025-02-01,80871
2025-02-02,75706
2025-02-03,59784
2025-02-04,73599
2025-02-05,58600
2025-02-06,58908
2025-02-07,62971
2025-02-08,76598
2025-02-09,84536
2025-02-10,70169
2025-02-11,67192
2025-02-12,70270
2025-02-13,60203
2025-02-14,64527
2025-02-15,78873
2025-02-16,79705
2025-02-17,60784
2025-02-18,68427
2025-02-19,72745
2025-02-20,59776
2025-02-21,65327
2025-02-22,78110
2025-02-23,78892
2025-02-24,66764
2025-02-25,65127
2025-02-26,62323
2025-02-27,58627
2025-02-28,52731
2025-03-01,71785
2025-03-02,69592
2025-03-03,65683
2025-03-04,64861
2025-03-05,63285
2025-03-06,58548
2025-03-07,67127
2025-03-08,74646
2025-03-09,79478
2025-03-10,69746
2025-03-11,66393
2025-03-12,68509
2025-03-13,51148
2025-03-14,63987
2025-03-15,82580
2025-03-16,82721
2025-03-17,70824
2025-03-18,65487
2025-03-19,72388
2025-03-20,58872
2025-03-21,64170
2025-03-22,75428
2025-03-23,84198
2025-03-24,58358
2025-03-25,64252
2025-03-26,75354
2025-03-27,64279
2025-03-28,65569
2025-03-29,76005
2025-03-30,62263
2025-03-31,62263
2025-04-01,72981
2025-04-02,72721
2025-04-03,58864
2025-04-04,66327
2025-04-05,78496
2025-04-06,72960
2025-04-07,66503
2025-04-08,65201
2025-04-09,62076
2025-04-10,57462
2025-04-11,70462
2025-04-12,72923
2025-04-13,79100
2025-04-14,73078
2025-04-15,73543
2025-04-16,70372
2025-04-17,56279
2025-04-18,58519
2025-04-19,78821
2025-04-20,82746
2025-04-21,72937
2025-04-22,61828
2025-04-23,68705
2025-04-24,58227
2025-04-25,64536
2025-04-26,82811
2025-04-27,78177
2025-04-28,65904
2025-04-29,64263
2025-04-30,66616
2025-05-01,57863
2025-05-02,74344
2025-05-03,84113
2025-05-04,83380
2025-05-06,69214
2025-05-07,71001
2025-05-08,64850
2025-05-09,68213
2025-05-10,85078
2025-05-11,80423
2025-05-12,68760
2025-05-13,74477
2025-05-14,74020
2025-05-15,63208
2025-05-16,70970
2025-05-17,87347
2025-05-18,84571
2025-05-19,79003
2025-05-20,76000
2025-05-21,80964
2025-05-22,72579
2025-05-23,74374
2025-05-24,90211
2025-05-25,91538
2025-05-26,83542
2025-05-27,82597
2025-05-28,83621
2025-05-29,69019
2025-05-30,71721
2025-05-31,95080
2025-06-01,78031
2025-06-02,84418
2025-06-03,78631
2025-06-04,78288
2025-06-05,67284
2025-06-06,67284
2025-06-07,88257
2025-06-08,90802
2025-06-09,84258
2025-06-10,80894
2025-06-11,79296
2025-06-12,69609
2025-06-13,75096
2025-06-14,91720
2025-06-15,90815
2025-06-16,84681
2025-06-17,81037
2025-06-18,80440
2025-06-19,70226
2025-06-20,76181
2025-06-21,90087
2025-06-22,87254
2025-06-23,84179
2025-06-24,79466
2025-06-25,75001
2025-06-26,64879
2025-06-27,68229
2025-06-28,90051
2025-06-29,88497
2025-06-30,78730
2025-07-01,76126
2025-07-02,74510
2025-07-03,64015
2025-07-04,70011
2025-07-05,87536
2025-07-06,88938
2025-07-07,80081
2025-07-08,78320
2025-07-09,76501
2025-07-10,63473
2025-07-11,70217
2025-07-12,92221
2025-07-13,80193
2025-07-14,74149
2025-07-15,73020
2025-07-16,75104
2025-07-17,63897
2025-07-18,73093
2025-07-19,90011
2025-07-20,90011
2025-07-21,77481
2025-07-22,79467
2025-07-23,80130
2025-07-24,68838
2025-07-25,73576
2025-07-26,85740
2025-07-28,77044
2025-07-29,75183
2025-07-30,75303
2025-07-31,66149
2025-08-01,70353
2025-08-02,82367
2025-08-03,82628
2025-08-04,69928
2025-08-05,72951
2025-08-06,71144
2025-08-07,65234
2025-08-08,70480
2025-08-09,84404
2025-08-10,82628
2025-08-11,75740
2025-08-12,77596
2025-08-13,75859
2025-08-14,66530
2025-08-15,77043
2025-08-16,87759
2025-08-17,86364
2025-08-18,80502
2025-08-19,76033
2025-08-20,75688
2025-08-21,65112
2025-08-22,72067
2025-08-23,83858
2025-08-24,72119
2025-08-25,67767
2025-08-26,77837
2025-08-27,77185
2025-08-28,63843
2025-08-29,65717
2025-08-30,77295
2025-08-31,70310
2025-09-01,65384
2025-09-02,64925
2025-09-03,70472
2025-09-04,59834
2025-09-05,69531
2025-09-06,82118
2025-09-07,69850
2025-09-08,77117
2025-09-09,70828
2025-09-10,70086
2025-09-11,66312
2025-09-12,69842
2025-09-13,82149
2025-09-14,77893
2025-09-15,65066
2025-09-16,63607
2025-09-17,68213
2025-09-18,68095
2025-09-19,71249
2025-09-20,82042
2025-09-21,67408
2025-09-22,60681
2025-09-23,63837
2025-09-24,58628
2025-09-25,67388
2025-09-26,75358
2025-09-27,75006
2025-09-28,79496
2025-09-29,81626
2025-09-30,73275
2025-10-01,72247
2025-10-02,75188
2025-10-03,73581
2025-10-04,83380
2025-10-05,83412
2025-10-06,76773
2025-10-07,71634
2025-10-08,74861
2025-10-09,66883
2025-10-10,74468
2025-10-11,84571
2025-10-12,84424
2025-10-13,78569
2025-10-14,72473
2025-10-15,75919
2025-10-16,61521
2025-10-17,66675
2025-10-18,82136
2025-10-19,84017
2025-10-20,72026
2025-10-21,76343
2025-10-22,73853
2025-10-23,60896
2025-10-24,71110
2025-10-25,82010
2025-10-27,70842
2025-10-28,64065
2025-10-29,64048
2025-10-30,56078
2025-10-31,63539
2025-11-01,72860
2025-11-02,84442
2025-11-03,66322
2025-11-04,67091
2025-11-05,63239
2025-11-06,61718
2025-11-07,68075
2025-11-08,80560
2025-11-09,78217
2025-11-10,76096
2025-11-11,67367
2025-11-12,72283
2025-11-13,62129
2025-11-14,66709
2025-11-15,73852
2025-11-16,75004
2025-11-17,71208
2025-11-18,66966
2025-11-19,67121
2025-11-20,66839
2025-11-21,60098
2025-11-22,75082
2025-11-23,78974
2025-11-24,68615
2025-11-25,73677
2025-11-26,73670
2025-11-27,59548
2025-11-28,70044
2025-11-29,79791
2025-11-30,68187
2025-12-01,70345
2025-12-02,64684
2025-12-03,63887
2025-12-04,51082
2025-12-06,82007
2025-12-07,75343
2025-12-08,71142
2025-12-09,70901
2025-12-10,68165
2025-12-11,64367
2025-12-12,67202
2025-12-13,80113
2025-12-14,81348
2025-12-15,70251
2025-12-16,63738
2025-12-17,66389
2025-12-18,61582
2025-12-19,64729
2025-12-20,78466
2025-12-21,76903
2025-12-22,60764
2025-12-23,61583
2025-12-24,73524
2025-12-25,72355
2025-12-26,72487
2025-12-27,91147
2025-12-28,85823
2025-12-29,59631
2025-12-30,67053
2025-12-31,70256
2026-01-01,65225
2026-01-02,83032
2026-01-03,88662
2026-01-04,85179
2026-01-05,82650
2026-01-06,82022
2026-01-07,85752
2026-01-08,73580
2026-01-09,67678
2026-01-10,76820
2026-01-11,76447
2026-01-12,68542
2026-01-13,73014
2026-01-14,76289
2026-01-15,64064
2026-01-16,78733
2026-01-17,83576
2026-01-18,84058
2026-01-19,79098
2026-01-20,73788
2026-01-21,74056
2026-01-22,64571
2026-01-23,69726
2026-01-24,76654
2026-01-25,84014
2026-01-26,75791
2026-01-27,77049
2026-01-28,72637
2026-01-29,61315
2026-01-30,69254
2026-01-31,76935
2026-02-01,74192
2026-02-02,69262
2026-02-03,69389
2026-02-04,68586
2026-02-05,61655
2026-02-06,67085
2026-02-07,81777
2026-02-08,81894
2026-02-09,74130
2026-02-11,73652
2026-02-12,61632
